Title,Company Name,Location,Website
,,,
Ruby On Rails Development,IIT Bombay,Mumbai,https://www.cse.iitb.ac.in/~ganesh/
,,,
Front End Development On AngularJS,IIT Bombay,Mumbai,https://www.cse.iitb.ac.in/~ganesh/
,,,
Software Project Management,IIT Bombay,Mumbai,https://www.cse.iitb.ac.in/~ganesh/
,,,
MIS & Excel VBA Programming,Rubix Data Sciences,Mumbai,http://www.rubixdatasciences.com
,,,
Web Development,Tag8,Mumbai,http://tag8.in/
,,,
Web Development,QuantumHunts,"Chennai, Delhi, Bangalore, Mumbai",http://quantumhunts.com
,,,
,,,
,,,
Web Development,BEEIng Viral,Mumbai,https://trainings.internshala.com/ui-ux-design?utm_source=internshala_details_page_skills_section
,,,
Web Development,Phionike Solutions,Mumbai,http://www.phionike.com
,,,
Python Data Scraping,Ankur Lighting,"Gurgaon, Mumbai, Noida, Delhi",http://www.ankurlighting.com/
,,,
Web Development,Rentkar,Mumbai,https://trainings.internshala.com/web-development?utm_source=internshala_details_page_skills_section
,,,
Web Development,Orangefox,Mumbai,https://orangefox.in
,,,
Programming/Software Development,AKBS Consultancy Private Limited (Mti Charting),"Delhi, Bangalore, Mumbai",http://mticharting.in
,,,
Web Development,Benzer Department Private Limited,Mumbai,http://benzerworld.com
,,,
Cloud Engineering,Syncious,"Pune, Mumbai",https://www.syncious.com/
,,,
FinTecH,Vaishnavi Logistic Solutions Private Limited,Mumbai,http://www.vlspl.co.in
,,,
Mobile App Development,1ml Healthcare Services Private Limited,"Delhi, Mumbai, Bangalore",https://trainings.internshala.com/java?utm_source=internshala_details_page_skills_section
,,,
Node.js Development,Spinnaker LLC,Mumbai,http://www.spinnakerllc.com
,,,
Full Stack Development (Django),Mission Pcs,"Bhubaneswar, Chandigarh, Delhi, Gurgaon, Bangalore, Hyderabad, Mumbai",https://missionpcs.com
,,,
Frontend Development,f1Studioz,Mumbai,https://f1studioz.com
,,,
Web Development,Setlmint.com,Mumbai,http://www.setlmint.com
,,,
Web Development,Go Digital Technology Consulting,Mumbai,http://godigitaltc.com/
,,,
Web Development,Go Digital Technology Consulting,"Navi Mumbai, Mumbai",http://godigitaltc.com/
,,,
Mobile App Development,Nuevo Alture Tech Ventures,"Chennai, Bangalore, Hyderabad, Mumbai",https://www.nuevoalture.com/
,,,
Front End Development,Binate IT Services Private Limited,"Mumbai, Vasai-Virar",http://www.binateit.com/
,,,
Web Development,Use Allot Inc,"Delhi, Pune, Bangalore, Mumbai",http://www.useallot.com
,,,
.NET Development,Rite Technologies,Mumbai,http://www.ritetechnologies.net
,,,
IT Hardware Support,HiTech Informatics Pvt Ltd,"Chennai, Hyderabad, Mumbai, Bangalore",http://hitechinformatics.com
,,,
Cloud Support Engineering,Void Consulting Services & Solutions Pvt Ltd,"Chennai, Coimbatore, Pune, Thiruvananthapuram, Bangalore, Mumbai, Kochi, Jaipur, Nagpur, Kanpur Dehat",https://trainings.internshala.com/cloud-computing?utm_source=internshala_details_page_skills_section
,,,
Product Management,Workamp Spaces Private Limited,Mumbai,http://www.workamp.co/
,,,
Software Development,Workamp Spaces Private Limited,Mumbai,http://www.workamp.co/
,,,
Web Development,Sai Estate Consultants Chembur Private Limited,Mumbai,http://saiestate.com/
,,,
Software Business And Support,IGSRS,Mumbai,http://www.alchemus.com
,,,
Software Development,Proca Engineering Solutions LLP,Mumbai,https://www.pesllp.com/
,,,
Backend Development,Miraya Wealth Advisors Private Limited,Mumbai,https://trainings.internshala.com/java?utm_source=internshala_details_page_skills_section
,,,
Android App Development,Miraya Wealth Advisors Private Limited,Mumbai,https://trainings.internshala.com/java?utm_source=internshala_details_page_skills_section
,,,
Web Development,LRB GROUP,Mumbai,http://lrbgroup.in
,,,
React/Angular Development,TheOther 2 Thirds Consulting LLP,Mumbai,https://www.theother2thirds.net/
,,,
Web Development,BusinessScales,"Navi Mumbai, Mumbai",http://www.businessscales.com
,,,
Mobile App Development,Sportsfantasyindia.com,"Pune, Mumbai",https://trainings.internshala.com/java?utm_source=internshala_details_page_skills_section
,,,
Information Technology,Rothshield Medical Services Private Limited,Mumbai,http://rothshield.co.in
,,,
Mobile App Development,Crazy For Success Foundation,"Bhubaneswar, Chennai, Delhi, Gurgaon, Kolkata, Lucknow, Thiruvananthapuram, Bangalore, Mumbai, Jaipur, Noida",http://wearecrazy.org/
,,,
Web Development,Kerkar Media Private Limited,Mumbai,https://www.kerkarmedia.com
,,,
Mobile App Development,NewsGate,Mumbai,https://cryptocontrol.io
,,,
Web Development,SHARAN DIGITECH,Mumbai,http://sharandigitech.com
,,,
Web Development,Himland Trade Monitors (P) Limited,Mumbai,http://www.himland.in
,,,
Web Development,Hack Planet Technologies Private Limited,"Indore, Patna, Rohtak, Sonipat, Mumbai, Noida, Gwalior West",http://www.hackplanet.in
,,,
ERP Implementation Management,Best Roadways Limited,"Delhi, Mumbai",http://www.bestroadways.com
,,,
Web Development,Spinnaker LLC,Mumbai,http://www.spinnakerllc.com
,,,
Mobile App Development,Rent Aggregators Private Limited,"Navi Mumbai, Mumbai",https://trainings.internshala.com/cloud-computing?utm_source=internshala_details_page_skills_section
,,,
Web Development,SM Global,Mumbai,https://smglobal.in/
,,,
Web Development,Sharad Mishra And Associates,Mumbai,https://www.sharadmishra.in/
,,,
PHP Development,TheOther 2 Thirds Consulting LLP,Mumbai,https://www.theother2thirds.net/
,,,
Mobile App Development,NewsGate,Mumbai,https://cryptocontrol.io
,,,
Web Development,Transworld Technologies Limited,"Aurangabad, Pune, Mumbai, Nagpur",http://myfleetview.com/
,,,
Web Development,NISA,Mumbai,https://www.nisaglobal.com/
,,,
System Administration,ISN Business Solutions LLP,Mumbai,https://isngs.com/
,,,
Web Development,Volo Me Private Limited,Mumbai,https://trainings.internshala.com/web-development?utm_source=internshala_details_page_skills_section
,,,
Software Testing,BrandIT - Elevate Your Brand,Mumbai,http://brandit.org.in
,,,
DialogFlow Development,I2e Consulting Private Limited,Mumbai,http://www.i2econsulting.com/
,,,
Mobile App Development,MagTapp Technologies Private Limited,"Mumbai, Virar, Vasai",https://www.magtapp.com/
,,,
Android App Development,Tenacious Techies,"Surat, Mumbai, Bangalore",http://tenacioustechies.com
,,,
Mobile App Development,PustakMandi Ventures Private Limited,"Hyderabad, Mumbai, Bangarapet, Bangalore, Madhya Madarihat, Tal",https://www.pustakmandi.com
,,,
Web Development,InnovaLabs Technologies,"Indore, Pune, Mumbai",http://innovalabs.tech
,,,
Full Stack Development(MEAN Stack),Proelium Analytics Private Limited,"Chennai, Coimbatore, Delhi, Pune, Bangalore, Mumbai",http://www.proeliumanalytics.com/
,,,
HTML/ CSS/Jquery/Javascript(Opt. Vue.js),Ungeek,Mumbai,https://trainings.internshala.com/web-development?utm_source=internshala_details_page_skills_section
